{
  "project_info": {
    "project_number": "465930157627",
    "firebase_url": "https://proyectotfg-bbc04-default-rtdb.firebaseio.com",
    "project_id": "proyectotfg-bbc04",
    "storage_bucket": "proyectotfg-bbc04.appspot.com"
  },
  "client": [
    {
      "client_info": {
        "mobilesdk_app_id": "1:465930157627:android:56b57ace946a12886da61e",
        "android_client_info": {
          "package_name": "com.example.proyectotfg"
        }
      },
      "oauth_client": [
        {
          "client_id": "465930157627-ki8557e50qrms5knf04eesh7vrbv8no5.apps.googleusercontent.com",
          "client_type": 3
        }
      ],
      "api_key": [
        {
          "current_key": "AIzaSyBxzntzdD5wJgVqICLJwVwBzOXJtgp4Q7Y"
        }
      ],
      "services": {
        "appinvite_service": {
          "other_platform_oauth_client": [
            {
              "client_id": "465930157627-ki8557e50qrms5knf04eesh7vrbv8no5.apps.googleusercontent.com",
              "client_type": 3
            }
          ]
        }
      }
    }
  ],
  "configuration_version": "1"
}